{"acc": 0.6009704008005478, "f1_micro": 0.6009704008005478, "f1_macro": 0.5096762671987135, "f1_weighted": 0.608014241235445}