{"acc": 0.46431562966259193, "f1_micro": 0.46431562966259193, "f1_macro": 0.27176512172753364, "f1_weighted": 0.40342526501051285}