{"acc": 0.2818888568960553, "f1_micro": 0.2818888568960553, "f1_macro": 0.19635078207874423, "f1_weighted": 0.16019112768218904}