{"acc": 0.7170234897561489, "f1_micro": 0.7170234897561489, "f1_macro": 0.5412390344834104, "f1_weighted": 0.6732292768897421}