{"acc": 0.3608521620055828, "f1_micro": 0.36085216200558273, "f1_macro": 0.3539590833034757, "f1_weighted": 0.3229424257911265}