{"acc": 0.1941208805591184, "f1_micro": 0.19412088055911836, "f1_macro": 0.18441591061352536, "f1_weighted": 0.1254080467021298}