{"acc": 0.7325867698951914, "f1_micro": 0.7325867698951914, "f1_macro": 0.42609810602024617, "f1_weighted": 0.6210306724335065}