{"acc": 0.2934128209826453, "f1_micro": 0.2934128209826453, "f1_macro": 0.1599491425120269, "f1_weighted": 0.13774255812951794}