{"acc": 0.33112582781456956, "f1_micro": 0.33112582781456956, "f1_macro": 0.21285831565275407, "f1_weighted": 0.2450641146684042}