{"acc": 0.2897481873151323, "f1_micro": 0.2897481873151323, "f1_macro": 0.17153871104005855, "f1_weighted": 0.14600896951269224}