{"acc": 0.7305854005372097, "f1_micro": 0.7305854005372097, "f1_macro": 0.43821678665716884, "f1_weighted": 0.6265852161913942}