{"acc": 0.3464014852267341, "f1_micro": 0.3464014852267341, "f1_macro": 0.3353977409772864, "f1_weighted": 0.29565026878434675}