{"acc": 0.13476035913409942, "f1_micro": 0.13476035913409942, "f1_macro": 0.11581666855819271, "f1_weighted": 0.06687902200884109}