{"acc": 0.11658770253645001, "f1_micro": 0.11658770253645001, "f1_macro": 0.06960952090708052, "f1_weighted": 0.024346842351658505}