{"acc": 0.2676041502080371, "f1_micro": 0.2676041502080371, "f1_macro": 0.21111018780122984, "f1_weighted": 0.11298792481361446}