{"acc": 0.2607714053870115, "f1_micro": 0.2607714053870115, "f1_macro": 0.23614817835550608, "f1_weighted": 0.2237325231455976}