{"acc": 0.6608534786959499, "f1_micro": 0.6608534786959499, "f1_macro": 0.5825651611286136, "f1_weighted": 0.6665887427137817}