{"acc": 0.6476339074103333, "f1_micro": 0.6476339074103333, "f1_macro": 0.5764990856241514, "f1_weighted": 0.6571717988765963}