{"acc": 0.2309962568384682, "f1_micro": 0.2309962568384682, "f1_macro": 0.19862148894932943, "f1_weighted": 0.14806351461433093}