{"acc": 0.2825956076747899, "f1_micro": 0.2825956076747899, "f1_macro": 0.2545999160565839, "f1_weighted": 0.3038922968143323}