{"acc": 0.6505635434771159, "f1_micro": 0.6505635434771159, "f1_macro": 0.47543360116253336, "f1_weighted": 0.6163101812437667}