{"acc": 0.329326230924273, "f1_micro": 0.329326230924273, "f1_macro": 0.21088760120932024, "f1_weighted": 0.2417256531732001}