{"acc": 0.20134544407507263, "f1_micro": 0.20134544407507263, "f1_macro": 0.20573379936226951, "f1_weighted": 0.19338680459377303}