{"acc": 0.4713356507083794, "f1_micro": 0.4713356507083794, "f1_macro": 0.4593089558073738, "f1_weighted": 0.49678951818095013}