{"acc": 0.29612203230112816, "f1_micro": 0.29612203230112816, "f1_macro": 0.15231180651274256, "f1_weighted": 0.13530864506402862}