{"acc": 0.7323958497919629, "f1_micro": 0.732395849791963, "f1_macro": 0.4227647219773204, "f1_weighted": 0.619262255629285}