{"acc": 0.28179069706567544, "f1_micro": 0.28179069706567544, "f1_macro": 0.2538758238268628, "f1_weighted": 0.30279042585531224}