{"acc": 0.36338020751040184, "f1_micro": 0.36338020751040184, "f1_macro": 0.3572568050545761, "f1_weighted": 0.32809774574112016}