{"acc": 0.3632682888291989, "f1_micro": 0.3632682888291989, "f1_macro": 0.35711625184369133, "f1_weighted": 0.32788589911626453}