{"acc": 0.19342721775776772, "f1_micro": 0.19342721775776772, "f1_macro": 0.18398451616765257, "f1_weighted": 0.12499871043801998}