{"acc": 0.44213150799675416, "f1_micro": 0.44213150799675416, "f1_macro": 0.3275493906223013, "f1_weighted": 0.4403314975744309}