{"acc": 0.6145125612261021, "f1_micro": 0.6145125612261021, "f1_macro": 0.5099575208292451, "f1_weighted": 0.6151652665037998}